t,x,y,z,Vx,vY,vZ
0,0,0,0,8.07107,-5,7.07107
0.001,0.00806133,-0.00499397,0.00705764,8.05162,-4.98795,7.04424
0.002,0.0161033,-0.00997592,0.0140885,8.03227,-4.97597,7.01753
0.003,0.0241259,-0.0149459,0.0210927,8.01303,-4.96404,6.99093
0.004,0.0321294,-0.019904,0.0280704,7.99389,-4.95219,6.96444
0.005,0.0401137,-0.0248503,0.0350216,7.97484,-4.94039,6.93806
0.006,0.0480791,-0.0297848,0.0419466,7.9559,-4.92866,6.91179
0.007,0.0560256,-0.0347076,0.0488453,7.93706,-4.91698,6.88563
0.008,0.0639532,-0.0396188,0.0557179,7.91832,-4.90537,6.85958
0.009,0.0718622,-0.0445184,0.0625645,7.89967,-4.89382,6.83364
0.01,0.0797526,-0.0494065,0.0693852,7.88112,-4.88233,6.80781
0.011,0.0876245,-0.0542831,0.0761801,7.86267,-4.8709,6.78208
0.012,0.095478,-0.0591483,0.0829494,7.84431,-4.85952,6.75645
0.013,0.103313,-0.0640022,0.0896931,7.82605,-4.84821,6.73094
0.014,0.11113,-0.0688447,0.0964113,7.80788,-4.83695,6.70552
0.015,0.118929,-0.0736761,0.103104,7.7898,-4.82576,6.68021
0.016,0.12671,-0.0784963,0.109772,7.77182,-4.81462,6.655
0.017,0.134473,-0.0833053,0.116414,7.75393,-4.80353,6.62989
0.018,0.142218,-0.0881033,0.123032,7.73613,-4.7925,6.60488
0.019,0.149945,-0.0928904,0.129624,7.71842,-4.78153,6.57997
0.02,0.157654,-0.0976664,0.136192,7.7008,-4.77062,6.55516
0.021,0.165346,-0.102432,0.142734,7.68327,-4.75976,6.53045
0.022,0.173021,-0.107186,0.149252,7.66583,-4.74895,6.50584
0.023,0.180678,-0.11193,0.155746,7.64847,-4.7382,6.48132
0.024,0.188318,-0.116662,0.162215,7.63121,-4.72751,6.4569
0.025,0.195941,-0.121385,0.16866,7.61403,-4.71686,6.43258
0.026,0.203546,-0.126096,0.17508,7.59693,-4.70627,6.40834
0.027,0.211135,-0.130797,0.181477,7.57992,-4.69574,6.38421
0.028,0.218706,-0.135488,0.187849,7.563,-4.68525,6.36017
0.029,0.226261,-0.140168,0.194197,7.54616,-4.67482,6.33622
0.03,0.233798,-0.144837,0.200521,7.52941,-4.66444,6.31236
0.031,0.241319,-0.149497,0.206822,7.51273,-4.65411,6.28859
0.032,0.248824,-0.154146,0.213098,7.49614,-4.64384,6.26491
0.033,0.256312,-0.158784,0.219352,7.47963,-4.63361,6.24133
0.034,0.263783,-0.163413,0.225581,7.46321,-4.62343,6.21783
0.035,0.271238,-0.168031,0.231787,7.44686,-4.6133,6.19442
0.036,0.278677,-0.172639,0.23797,7.43059,-4.60323,6.1711
0.037,0.286099,-0.177238,0.244129,7.4144,-4.5932,6.14787
0.038,0.293506,-0.181826,0.250266,7.3983,-4.58322,6.12472
0.039,0.300896,-0.186404,0.256379,7.38227,-4.57329,6.10166
0.04,0.30827,-0.190972,0.262469,7.36631,-4.56341,6.07869
0.041,0.315629,-0.195531,0.268536,7.35044,-4.55357,6.0558
0.042,0.322971,-0.20008,0.274581,7.33464,-4.54378,6.03299
0.043,0.330298,-0.204618,0.280602,7.31892,-4.53404,6.01027
0.044,0.337609,-0.209148,0.286601,7.30327,-4.52435,5.98763
0.045,0.344904,-0.213667,0.292578,7.2877,-4.5147,5.96508
0.046,0.352184,-0.218177,0.298531,7.2722,-4.5051,5.9426
0.047,0.359449,-0.222677,0.304463,7.25678,-4.49555,5.92021
0.048,0.366698,-0.227168,0.310372,7.24143,-4.48604,5.8979
0.049,0.373932,-0.23165,0.316259,7.22615,-4.47658,5.87566
0.05,0.38115,-0.236121,0.322123,7.21095,-4.46716,5.85351
0.051,0.388354,-0.240584,0.327966,7.19581,-4.45778,5.83144
0.052,0.395542,-0.245037,0.333786,7.18075,-4.44845,5.80944
0.053,0.402715,-0.249481,0.339585,7.16576,-4.43917,5.78753
0.054,0.409874,-0.253915,0.345361,7.15084,-4.42992,5.76569
0.055,0.417017,-0.258341,0.351116,7.136,-4.42073,5.74392
0.056,0.424146,-0.262757,0.356849,7.12122,-4.41157,5.72224
0.057,0.431259,-0.267164,0.362561,7.10651,-4.40246,5.70063
0.058,0.438359,-0.271562,0.36825,7.09186,-4.39339,5.67909
0.059,0.445443,-0.275951,0.373919,7.07729,-4.38436,5.65763
0.06,0.452513,-0.28033,0.379566,7.06278,-4.37537,5.63625
0.061,0.459569,-0.284701,0.385191,7.04835,-4.36643,5.61493
0.062,0.46661,-0.289063,0.390796,7.03397,-4.35752,5.59369
0.063,0.473637,-0.293416,0.396379,7.01967,-4.34866,5.57253
0.064,0.480649,-0.297761,0.401941,7.00543,-4.33984,5.55143
0.065,0.487648,-0.302096,0.407482,6.99125,-4.33106,5.53041
0.066,0.494632,-0.306423,0.413001,6.97714,-4.32232,5.50946
0.067,0.501602,-0.310741,0.418501,6.9631,-4.31362,5.48858
0.068,0.508558,-0.31505,0.423979,6.94912,-4.30496,5.46777
0.069,0.5155,-0.319351,0.429436,6.9352,-4.29634,5.44703
0.07,0.522428,-0.323643,0.434873,6.92135,-4.28775,5.42636
0.071,0.529343,-0.327926,0.440289,6.90756,-4.27921,5.40576
0.072,0.536244,-0.332201,0.445684,6.89383,-4.27071,5.38522
0.073,0.543131,-0.336468,0.451059,6.88016,-4.26224,5.36476
0.074,0.550004,-0.340726,0.456414,6.86656,-4.25381,5.34436
0.075,0.556864,-0.344975,0.461748,6.85302,-4.24542,5.32403
0.076,0.56371,-0.349216,0.467062,6.83953,-4.23707,5.30376
0.077,0.570543,-0.353449,0.472356,6.82611,-4.22875,5.28356
0.078,0.577362,-0.357674,0.477629,6.81275,-4.22048,5.26343
0.079,0.584168,-0.36189,0.482882,6.79945,-4.21224,5.24336
0.08,0.590961,-0.366098,0.488116,6.78621,-4.20403,5.22336
0.081,0.597741,-0.370298,0.493329,6.77302,-4.19586,5.20342
0.082,0.604507,-0.37449,0.498523,6.7599,-4.18773,5.18355
0.083,0.611261,-0.378674,0.503696,6.74683,-4.17964,5.16374
0.084,0.618001,-0.382849,0.50885,6.73382,-4.17158,5.14399
0.085,0.624728,-0.387017,0.513984,6.72087,-4.16355,5.12431
0.086,0.631443,-0.391177,0.519099,6.70797,-4.15557,5.10468
0.087,0.638144,-0.395328,0.524194,6.69513,-4.14761,5.08512
0.088,0.644833,-0.399472,0.529269,6.68235,-4.13969,5.06562
0.089,0.651509,-0.403608,0.534325,6.66962,-4.13181,5.04619
0.09,0.658172,-0.407735,0.539361,6.65695,-4.12396,5.02681
0.091,0.664823,-0.411856,0.544379,6.64434,-4.11615,5.00749
0.092,0.671461,-0.415968,0.549376,6.63178,-4.10836,4.98823
0.093,0.678086,-0.420072,0.554355,6.61927,-4.10062,4.96904
0.094,0.684699,-0.424169,0.559315,6.60682,-4.0929,4.9499
0.095,0.6913,-0.428258,0.564255,6.59442,-4.08522,4.93082
0.096,0.697888,-0.432339,0.569176,6.58208,-4.07757,4.9118
0.097,0.704464,-0.436413,0.574079,6.56978,-4.06996,4.89283
0.098,0.711028,-0.440479,0.578962,6.55755,-4.06238,4.87393
0.099,0.717579,-0.444538,0.583826,6.54536,-4.05483,4.85508
0.1,0.724119,-0.448589,0.588672,6.53323,-4.04731,4.83629
0.101,0.730646,-0.452633,0.593499,6.52114,-4.03983,4.81755
0.102,0.737161,-0.456669,0.598307,6.50911,-4.03237,4.79887
0.103,0.743664,-0.460697,0.603097,6.49713,-4.02495,4.78025
0.104,0.750155,-0.464719,0.607868,6.4852,-4.01756,4.76168
0.105,0.756634,-0.468733,0.61262,6.47333,-4.0102,4.74317
0.106,0.763102,-0.472739,0.617354,6.4615,-4.00288,4.72471
0.107,0.769557,-0.476738,0.62207,6.44972,-3.99558,4.70631
0.108,0.776001,-0.48073,0.626767,6.43799,-3.98832,4.68796
0.109,0.782433,-0.484715,0.631446,6.42631,-3.98108,4.66967
0.11,0.788854,-0.488692,0.636106,6.41468,-3.97388,4.65142
0.111,0.795263,-0.492663,0.640748,6.4031,-3.9667,4.63324
0.112,0.80166,-0.496626,0.645373,6.39157,-3.95956,4.6151
0.113,0.808046,-0.500582,0.649979,6.38009,-3.95244,4.59702
0.114,0.81442,-0.504531,0.654567,6.36865,-3.94536,4.57898
0.115,0.820783,-0.508473,0.659137,6.35726,-3.9383,4.561
0.116,0.827135,-0.512407,0.663689,6.34592,-3.93128,4.54308
0.117,0.833475,-0.516335,0.668223,6.33462,-3.92428,4.5252
0.118,0.839804,-0.520256,0.672739,6.32337,-3.91731,4.50737
0.119,0.846122,-0.52417,0.677238,6.31217,-3.91037,4.4896
0.12,0.852429,-0.528077,0.681718,6.30102,-3.90346,4.47187
0.121,0.858724,-0.531977,0.686181,6.28991,-3.89658,4.45419
0.122,0.865008,-0.53587,0.690627,6.27884,-3.88972,4.43657
0.123,0.871282,-0.539756,0.695054,6.26782,-3.8829,4.41899
0.124,0.877544,-0.543636,0.699465,6.25685,-3.8761,4.40146
0.125,0.883795,-0.547508,0.703857,6.24592,-3.86933,4.38398
0.126,0.890036,-0.551374,0.708233,6.23504,-3.86258,4.36655
0.127,0.896265,-0.555234,0.71259,6.2242,-3.85587,4.34917
0.128,0.902484,-0.559086,0.716931,6.2134,-3.84918,4.33183
0.129,0.908692,-0.562932,0.721254,6.20265,-3.84252,4.31454
0.13,0.91489,-0.566771,0.72556,6.19194,-3.83588,4.2973
0.131,0.921076,-0.570604,0.729849,6.18127,-3.82928,4.28011
0.132,0.927252,-0.57443,0.73412,6.17065,-3.8227,4.26296
0.133,0.933417,-0.578249,0.738375,6.16007,-3.81614,4.24586
0.134,0.939572,-0.582062,0.742612,6.14953,-3.80961,4.2288
0.135,0.945717,-0.585868,0.746832,6.13903,-3.80311,4.2118
0.136,0.95185,-0.589668,0.751036,6.12858,-3.79663,4.19483
0.137,0.957974,-0.593462,0.755222,6.11817,-3.79018,4.17791
0.138,0.964087,-0.597249,0.759392,6.1078,-3.78376,4.16104
0.139,0.970189,-0.601029,0.763544,6.09747,-3.77736,4.14421
0.14,0.976282,-0.604803,0.76768,6.08718,-3.77099,4.12743
0.141,0.982364,-0.608571,0.771799,6.07693,-3.76464,4.11068
0.142,0.988436,-0.612333,0.775901,6.06672,-3.75831,4.09399
0.143,0.994497,-0.616088,0.779987,6.05655,-3.75202,4.07734
0.144,1.00055,-0.619837,0.784056,6.04643,-3.74574,4.06073
0.145,1.00659,-0.623579,0.788108,6.03634,-3.73949,4.04416
0.146,1.01262,-0.627316,0.792144,6.02629,-3.73327,4.02764
0.147,1.01864,-0.631046,0.796164,6.01628,-3.72707,4.01115
0.148,1.02465,-0.63477,0.800167,6.00631,-3.72089,3.99472
0.149,1.03066,-0.638488,0.804153,5.99638,-3.71474,3.97832
0.15,1.03665,-0.642199,0.808123,5.98649,-3.70861,3.96196
0.151,1.04263,-0.645905,0.812077,5.97664,-3.70251,3.94565
0.152,1.0486,-0.649604,0.816015,5.96682,-3.69643,3.92938
0.153,1.05456,-0.653298,0.819936,5.95704,-3.69037,3.91315
0.154,1.06051,-0.656985,0.823841,5.9473,-3.68434,3.89696
0.155,1.06646,-0.660666,0.82773,5.9376,-3.67833,3.88081
0.156,1.07239,-0.664342,0.831603,5.92794,-3.67234,3.8647
0.157,1.07831,-0.668011,0.835459,5.91831,-3.66637,3.84863
0.158,1.08423,-0.671674,0.8393,5.90872,-3.66043,3.8326
0.159,1.09013,-0.675332,0.843124,5.89917,-3.65451,3.81661
0.16,1.09602,-0.678983,0.846933,5.88965,-3.64862,3.80067
0.161,1.10191,-0.682629,0.850726,5.88017,-3.64274,3.78475
0.162,1.10778,-0.686269,0.854503,5.87072,-3.63689,3.76888
0.163,1.11365,-0.689903,0.858264,5.86131,-3.63107,3.75305
0.164,1.11951,-0.693531,0.862009,5.85194,-3.62526,3.73726
0.165,1.12535,-0.697153,0.865738,5.8426,-3.61947,3.7215
0.166,1.13119,-0.70077,0.869452,5.8333,-3.61371,3.70578
0.167,1.13702,-0.704381,0.87315,5.82403,-3.60797,3.6901
0.168,1.14284,-0.707986,0.876832,5.8148,-3.60225,3.67446
0.169,1.14865,-0.711585,0.880499,5.8056,-3.59655,3.65886
0.17,1.15445,-0.715179,0.88415,5.79644,-3.59088,3.64329
0.171,1.16024,-0.718767,0.887785,5.78731,-3.58522,3.62776
0.172,1.16603,-0.72235,0.891405,5.77822,-3.57959,3.61227
0.173,1.1718,-0.725926,0.89501,5.76916,-3.57397,3.59681
0.174,1.17756,-0.729497,0.898599,5.76013,-3.56838,3.58139
0.175,1.18332,-0.733063,0.902173,5.75113,-3.56281,3.56601
0.176,1.18907,-0.736623,0.905731,5.74217,-3.55726,3.55066
0.177,1.1948,-0.740178,0.909274,5.73325,-3.55173,3.53535
0.178,1.20053,-0.743727,0.912802,5.72435,-3.54622,3.52007
0.179,1.20625,-0.74727,0.916314,5.71549,-3.54073,3.50483
0.18,1.21196,-0.750808,0.919811,5.70666,-3.53526,3.48962
0.181,1.21767,-0.754341,0.923293,5.69787,-3.52981,3.47445
0.182,1.22336,-0.757868,0.92676,5.6891,-3.52438,3.45931
0.183,1.22904,-0.761389,0.930212,5.68037,-3.51897,3.44421
0.184,1.23472,-0.764906,0.933649,5.67167,-3.51358,3.42914
0.185,1.24039,-0.768417,0.93707,5.66301,-3.50821,3.41411
0.186,1.24605,-0.771922,0.940477,5.65437,-3.50286,3.39911
0.187,1.2517,-0.775422,0.943868,5.64577,-3.49753,3.38415
0.188,1.25734,-0.778917,0.947245,5.63719,-3.49222,3.36922
0.189,1.26297,-0.782407,0.950607,5.62865,-3.48693,3.35432
0.19,1.2686,-0.785891,0.953954,5.62014,-3.48166,3.33945
0.191,1.27421,-0.78937,0.957286,5.61166,-3.4764,3.32462
0.192,1.27982,-0.792844,0.960603,5.60321,-3.47117,3.30982
0.193,1.28542,-0.796312,0.963905,5.59479,-3.46595,3.29506
0.194,1.29101,-0.799776,0.967193,5.5864,-3.46076,3.28032
0.195,1.29659,-0.803234,0.970466,5.57804,-3.45558,3.26562
0.196,1.30216,-0.806687,0.973724,5.56971,-3.45042,3.25095
0.197,1.30773,-0.810135,0.976968,5.56141,-3.44527,3.23631
0.198,1.31329,-0.813577,0.980197,5.55314,-3.44015,3.22171
0.199,1.31884,-0.817015,0.983411,5.5449,-3.43505,3.20714
0.2,1.32438,-0.820448,0.986611,5.53669,-3.42996,3.19259
0.201,1.32991,-0.823875,0.989797,5.52851,-3.42489,3.17808
0.202,1.33543,-0.827297,0.992968,5.52035,-3.41984,3.1636
0.203,1.34095,-0.830715,0.996124,5.51223,-3.41481,3.14916
0.204,1.34646,-0.834127,0.999266,5.50413,-3.40979,3.13474
0.205,1.35196,-0.837534,1.00239,5.49607,-3.40479,3.12035
0.206,1.35745,-0.840937,1.00551,5.48803,-3.39981,3.10599
0.207,1.36294,-0.844334,1.00861,5.48002,-3.39485,3.09167
0.208,1.36841,-0.847726,1.01169,5.47203,-3.38991,3.07737
0.209,1.37388,-0.851114,1.01476,5.46408,-3.38498,3.0631
0.21,1.37934,-0.854496,1.01782,5.45615,-3.38007,3.04887
0.211,1.38479,-0.857874,1.02086,5.44825,-3.37518,3.03466
0.212,1.39024,-0.861247,1.02389,5.44038,-3.3703,3.02048
0.213,1.39567,-0.864614,1.0269,5.43254,-3.36544,3.00634
0.214,1.4011,-0.867977,1.0299,5.42472,-3.3606,2.99222
0.215,1.40652,-0.871336,1.03288,5.41693,-3.35577,2.97813
0.216,1.41193,-0.874689,1.03585,5.40917,-3.35096,2.96407
0.217,1.41734,-0.878038,1.03881,5.40143,-3.34617,2.95003
0.218,1.42274,-0.881381,1.04175,5.39372,-3.34139,2.93603
0.219,1.42813,-0.88472,1.04468,5.38604,-3.33663,2.92205
0.22,1.43351,-0.888055,1.0476,5.37838,-3.33189,2.90811
0.221,1.43888,-0.891384,1.0505,5.37075,-3.32716,2.89419
0.222,1.44425,-0.894709,1.05339,5.36315,-3.32245,2.8803
0.223,1.44961,-0.898029,1.05626,5.35557,-3.31776,2.86643
0.224,1.45496,-0.901344,1.05912,5.34802,-3.31308,2.8526
0.225,1.46031,-0.904655,1.06197,5.34049,-3.30842,2.83879
0.226,1.46564,-0.907961,1.0648,5.33299,-3.30377,2.82501
0.227,1.47097,-0.911263,1.06762,5.32551,-3.29914,2.81126
0.228,1.47629,-0.91456,1.07042,5.31806,-3.29452,2.79753
0.229,1.48161,-0.917852,1.07321,5.31063,-3.28992,2.78383
0.23,1.48692,-0.921139,1.07599,5.30323,-3.28534,2.77016
0.231,1.49222,-0.924422,1.07875,5.29586,-3.28077,2.75651
0.232,1.49751,-0.927701,1.0815,5.28851,-3.27621,2.74289
0.233,1.50279,-0.930975,1.08424,5.28118,-3.27167,2.7293
0.234,1.50807,-0.934244,1.08696,5.27388,-3.26715,2.71573
0.235,1.51334,-0.937509,1.08967,5.2666,-3.26264,2.70219
0.236,1.5186,-0.94077,1.09236,5.25935,-3.25815,2.68868
0.237,1.52386,-0.944026,1.09505,5.25212,-3.25367,2.67519
0.238,1.52911,-0.947277,1.09771,5.24491,-3.24921,2.66173
0.239,1.53435,-0.950524,1.10037,5.23773,-3.24476,2.64829
0.24,1.53958,-0.953766,1.10301,5.23058,-3.24032,2.63488
0.241,1.54481,-0.957005,1.10564,5.22344,-3.23591,2.62149
0.242,1.55003,-0.960238,1.10825,5.21633,-3.2315,2.60813
0.243,1.55524,-0.963468,1.11086,5.20924,-3.22711,2.59479
0.244,1.56045,-0.966693,1.11344,5.20218,-3.22273,2.58148
0.245,1.56565,-0.969913,1.11602,5.19514,-3.21837,2.56819
0.246,1.57084,-0.973129,1.11858,5.18812,-3.21403,2.55493
0.247,1.57602,-0.976341,1.12113,5.18113,-3.20969,2.54169
0.248,1.5812,-0.979549,1.12366,5.17416,-3.20537,2.52848
0.249,1.58637,-0.982752,1.12618,5.16721,-3.20107,2.51529
0.25,1.59154,-0.985951,1.12869,5.16028,-3.19678,2.50212
0.251,1.59669,-0.989145,1.13119,5.15338,-3.1925,2.48898
0.252,1.60184,-0.992336,1.13367,5.1465,-3.18824,2.47587
0.253,1.60698,-0.995522,1.13614,5.13964,-3.18399,2.46277
0.254,1.61212,-0.998704,1.1386,5.1328,-3.17975,2.4497
0.255,1.61725,-1.00188,1.14104,5.12599,-3.17553,2.43666
0.256,1.62237,-1.00505,1.14347,5.11919,-3.17132,2.42363
0.257,1.62749,-1.00822,1.14589,5.11242,-3.16713,2.41063
0.258,1.6326,-1.01139,1.14829,5.10567,-3.16295,2.39766
0.259,1.6377,-1.01455,1.15068,5.09894,-3.15878,2.38471
0.26,1.6428,-1.01771,1.15306,5.09224,-3.15462,2.37178
0.261,1.64788,-1.02086,1.15543,5.08555,-3.15048,2.35887
0.262,1.65297,-1.02401,1.15778,5.07889,-3.14635,2.34598
0.263,1.65804,-1.02715,1.16012,5.07224,-3.14224,2.33312
0.264,1.66311,-1.03029,1.16245,5.06562,-3.13814,2.32028
0.265,1.66817,-1.03343,1.16476,5.05902,-3.13405,2.30746
0.266,1.67323,-1.03656,1.16706,5.05244,-3.12997,2.29467
0.267,1.67828,-1.03969,1.16935,5.04588,-3.12591,2.2819
0.268,1.68332,-1.04281,1.17162,5.03934,-3.12186,2.26915
0.269,1.68836,-1.04593,1.17389,5.03282,-3.11782,2.25642
0.27,1.69339,-1.04905,1.17614,5.02633,-3.11379,2.24371
0.271,1.69841,-1.05216,1.17837,5.01985,-3.10978,2.23103
0.272,1.70343,-1.05527,1.1806,5.01339,-3.10578,2.21836
0.273,1.70844,-1.05837,1.18281,5.00695,-3.10179,2.20572
0.274,1.71344,-1.06147,1.18501,5.00054,-3.09782,2.1931
0.275,1.71844,-1.06457,1.1872,4.99414,-3.09385,2.1805
0.276,1.72343,-1.06766,1.18937,4.98776,-3.0899,2.16792
0.277,1.72841,-1.07075,1.19153,4.9814,-3.08596,2.15536
0.278,1.73339,-1.07383,1.19368,4.97507,-3.08204,2.14283
0.279,1.73836,-1.07691,1.19582,4.96875,-3.07812,2.13031
0.28,1.74333,-1.07999,1.19794,4.96245,-3.07422,2.11782
0.281,1.74829,-1.08306,1.20005,4.95617,-3.07033,2.10534
0.282,1.75324,-1.08613,1.20215,4.94991,-3.06645,2.09289
0.283,1.75819,-1.08919,1.20424,4.94367,-3.06258,2.08046
0.284,1.76313,-1.09225,1.20631,4.93744,-3.05873,2.06805
0.285,1.76806,-1.09531,1.20838,4.93124,-3.05489,2.05565
0.286,1.77299,-1.09836,1.21043,4.92506,-3.05106,2.04328
0.287,1.77791,-1.10141,1.21246,4.91889,-3.04724,2.03093
0.288,1.78283,-1.10446,1.21449,4.91274,-3.04343,2.0186
0.289,1.78774,-1.1075,1.2165,4.90661,-3.03963,2.00629
0.29,1.79264,-1.11054,1.2185,4.9005,-3.03585,1.99399
0.291,1.79754,-1.11357,1.22049,4.89441,-3.03207,1.98172
0.292,1.80243,-1.1166,1.22246,4.88834,-3.02831,1.96947
0.293,1.80732,-1.11963,1.22443,4.88228,-3.02456,1.95723
0.294,1.8122,-1.12265,1.22638,4.87625,-3.02082,1.94502
0.295,1.81707,-1.12567,1.22832,4.87023,-3.01709,1.93282
0.296,1.82194,-1.12868,1.23024,4.86423,-3.01337,1.92065
0.297,1.8268,-1.1317,1.23216,4.85824,-3.00967,1.90849
0.298,1.83165,-1.1347,1.23406,4.85228,-3.00597,1.89636
0.299,1.8365,-1.13771,1.23595,4.84633,-3.00228,1.88424
0.3,1.84135,-1.14071,1.23783,4.8404,-2.99861,1.87214
0.301,1.84618,-1.1437,1.2397,4.83449,-2.99495,1.86006
0.302,1.85101,-1.1467,1.24155,4.82859,-2.9913,1.84799
0.303,1.85584,-1.14969,1.24339,4.82271,-2.98765,1.83595
0.304,1.86066,-1.15267,1.24522,4.81685,-2.98402,1.82393
0.305,1.86547,-1.15565,1.24704,4.81101,-2.9804,1.81192
0.306,1.87028,-1.15863,1.24884,4.80518,-2.97679,1.79993
0.307,1.87508,-1.16161,1.25064,4.79937,-2.9732,1.78796
0.308,1.87988,-1.16458,1.25242,4.79358,-2.96961,1.77601
0.309,1.88467,-1.16755,1.25419,4.7878,-2.96603,1.76407
0.31,1.88946,-1.17051,1.25595,4.78205,-2.96246,1.75216
0.311,1.89424,-1.17347,1.2577,4.7763,-2.9589,1.74026
0.312,1.89901,-1.17643,1.25943,4.77058,-2.95536,1.72838
0.313,1.90378,-1.17938,1.26115,4.76487,-2.95182,1.71652
0.314,1.90854,-1.18233,1.26286,4.75918,-2.94829,1.70467
0.315,1.91329,-1.18528,1.26456,4.7535,-2.94478,1.69284
0.316,1.91805,-1.18822,1.26625,4.74784,-2.94127,1.68103
0.317,1.92279,-1.19116,1.26792,4.7422,-2.93777,1.66924
0.318,1.92753,-1.1941,1.26959,4.73657,-2.93429,1.65747
0.319,1.93226,-1.19703,1.27124,4.73096,-2.93081,1.64571
0.32,1.93699,-1.19996,1.27288,4.72536,-2.92735,1.63397
0.321,1.94171,-1.20289,1.27451,4.71978,-2.92389,1.62225
0.322,1.94643,-1.20581,1.27612,4.71422,-2.92044,1.61054
0.323,1.95114,-1.20873,1.27773,4.70867,-2.917,1.59885
0.324,1.95585,-1.21164,1.27932,4.70314,-2.91358,1.58718
0.325,1.96055,-1.21455,1.2809,4.69762,-2.91016,1.57552
0.326,1.96524,-1.21746,1.28247,4.69212,-2.90675,1.56388
0.327,1.96993,-1.22037,1.28403,4.68663,-2.90335,1.55226
0.328,1.97462,-1.22327,1.28558,4.68116,-2.89996,1.54065
0.329,1.9793,-1.22617,1.28711,4.6757,-2.89658,1.52906
0.33,1.98397,-1.22906,1.28863,4.67026,-2.89321,1.51749
0.331,1.98864,-1.23195,1.29015,4.66484,-2.88985,1.50593
0.332,1.9933,-1.23484,1.29165,4.65943,-2.8865,1.49439
0.333,1.99796,-1.23773,1.29313,4.65403,-2.88316,1.48287
0.334,2.00261,-1.24061,1.29461,4.64865,-2.87982,1.47136
0.335,2.00725,-1.24349,1.29608,4.64329,-2.8765,1.45986
0.336,2.01189,-1.24636,1.29753,4.63794,-2.87319,1.44839
0.337,2.01653,-1.24923,1.29897,4.6326,-2.86988,1.43693
0.338,2.02116,-1.2521,1.30041,4.62728,-2.86658,1.42548
0.339,2.02578,-1.25497,1.30182,4.62197,-2.8633,1.41405
0.34,2.0304,-1.25783,1.30323,4.61668,-2.86002,1.40264
0.341,2.03502,-1.26069,1.30463,4.6114,-2.85675,1.39124
0.342,2.03963,-1.26354,1.30602,4.60614,-2.85349,1.37986
0.343,2.04423,-1.26639,1.30739,4.60089,-2.85024,1.36849
0.344,2.04883,-1.26924,1.30875,4.59565,-2.84699,1.35714
0.345,2.05342,-1.27209,1.3101,4.59043,-2.84376,1.3458
0.346,2.05801,-1.27493,1.31144,4.58523,-2.84053,1.33448
0.347,2.06259,-1.27777,1.31277,4.58003,-2.83732,1.32318
0.348,2.06717,-1.2806,1.31409,4.57485,-2.83411,1.31189
0.349,2.07174,-1.28344,1.3154,4.56969,-2.83091,1.30061
0.35,2.07631,-1.28627,1.31669,4.56454,-2.82772,1.28935
0.351,2.08087,-1.28909,1.31798,4.5594,-2.82453,1.2781
0.352,2.08543,-1.29191,1.31925,4.55428,-2.82136,1.26687
0.353,2.08998,-1.29473,1.32051,4.54917,-2.81819,1.25566
0.354,2.09452,-1.29755,1.32176,4.54407,-2.81504,1.24446
0.355,2.09907,-1.30036,1.323,4.53898,-2.81189,1.23327
0.356,2.1036,-1.30317,1.32423,4.53391,-2.80875,1.2221
0.357,2.10813,-1.30598,1.32544,4.52886,-2.80561,1.21094
0.358,2.11266,-1.30879,1.32665,4.52381,-2.80249,1.1998
0.359,2.11718,-1.31159,1.32784,4.51878,-2.79937,1.18867
0.36,2.1217,-1.31438,1.32903,4.51377,-2.79626,1.17755
0.361,2.12621,-1.31718,1.3302,4.50876,-2.79316,1.16645
0.362,2.13072,-1.31997,1.33136,4.50377,-2.79007,1.15537
0.363,2.13522,-1.32276,1.33251,4.49879,-2.78699,1.1443
0.364,2.13971,-1.32554,1.33365,4.49383,-2.78391,1.13324
0.365,2.1442,-1.32833,1.33477,4.48888,-2.78084,1.1222
0.366,2.14869,-1.33111,1.33589,4.48394,-2.77778,1.11117
0.367,2.15317,-1.33388,1.337,4.47901,-2.77473,1.10015
0.368,2.15765,-1.33666,1.33809,4.4741,-2.77169,1.08915
0.369,2.16212,-1.33943,1.33918,4.4692,-2.76865,1.07816
0.37,2.16659,-1.34219,1.34025,4.46431,-2.76562,1.06719
0.371,2.17105,-1.34496,1.34131,4.45943,-2.7626,1.05623
0.372,2.17551,-1.34772,1.34236,4.45457,-2.75959,1.04528
0.373,2.17996,-1.35048,1.3434,4.44971,-2.75658,1.03435
0.374,2.18441,-1.35323,1.34443,4.44487,-2.75358,1.02343
0.375,2.18885,-1.35598,1.34545,4.44005,-2.75059,1.01252
0.376,2.19329,-1.35873,1.34645,4.43523,-2.74761,1.00163
0.377,2.19772,-1.36148,1.34745,4.43043,-2.74464,0.990748
0.378,2.20215,-1.36422,1.34844,4.42564,-2.74167,0.979882
0.379,2.20657,-1.36696,1.34941,4.42086,-2.73871,0.969029
0.38,2.21099,-1.3697,1.35037,4.41609,-2.73575,0.95819
0.381,2.2154,-1.37243,1.35133,4.41134,-2.73281,0.947363
0.382,2.21981,-1.37517,1.35227,4.40659,-2.72987,0.93655
0.383,2.22421,-1.37789,1.3532,4.40186,-2.72694,0.92575
0.384,2.22861,-1.38062,1.35412,4.39714,-2.72401,0.914962
0.385,2.23301,-1.38334,1.35503,4.39243,-2.7211,0.904188
0.386,2.2374,-1.38606,1.35593,4.38774,-2.71819,0.893426
0.387,2.24178,-1.38878,1.35682,4.38305,-2.71529,0.882677
0.388,2.24617,-1.39149,1.35769,4.37838,-2.71239,0.871941
0.389,2.25054,-1.3942,1.35856,4.37371,-2.7095,0.861218
0.39,2.25491,-1.39691,1.35942,4.36906,-2.70662,0.850507
0.391,2.25928,-1.39962,1.36026,4.36442,-2.70375,0.839809
0.392,2.26364,-1.40232,1.3611,4.35979,-2.70088,0.829124
0.393,2.268,-1.40502,1.36192,4.35518,-2.69802,0.818451
0.394,2.27235,-1.40771,1.36273,4.35057,-2.69516,0.807791
0.395,2.2767,-1.41041,1.36354,4.34598,-2.69232,0.797143
0.396,2.28104,-1.4131,1.36433,4.34139,-2.68948,0.786507
0.397,2.28538,-1.41579,1.36511,4.33682,-2.68665,0.775884
0.398,2.28972,-1.41847,1.36588,4.33226,-2.68382,0.765273
0.399,2.29405,-1.42115,1.36664,4.32771,-2.681,0.754674
0.4,2.29837,-1.42383,1.36739,4.32317,-2.67819,0.744087
0.401,2.30269,-1.42651,1.36813,4.31864,-2.67538,0.733513
0.402,2.30701,-1.42919,1.36886,4.31412,-2.67258,0.72295
0.403,2.31132,-1.43186,1.36957,4.30961,-2.66979,0.7124
0.404,2.31563,-1.43452,1.37028,4.30511,-2.667,0.701862
0.405,2.31993,-1.43719,1.37098,4.30062,-2.66422,0.691335
0.406,2.32423,-1.43985,1.37166,4.29615,-2.66145,0.680821
0.407,2.32852,-1.44251,1.37234,4.29168,-2.65868,0.670318
0.408,2.33281,-1.44517,1.373,4.28723,-2.65592,0.659827
0.409,2.3371,-1.44783,1.37366,4.28278,-2.65317,0.649348
0.41,2.34138,-1.45048,1.3743,4.27834,-2.65042,0.638881
0.411,2.34566,-1.45313,1.37494,4.27392,-2.64768,0.628425
0.412,2.34993,-1.45577,1.37556,4.26951,-2.64494,0.617981
0.413,2.35419,-1.45842,1.37617,4.2651,-2.64222,0.607548
0.414,2.35846,-1.46106,1.37677,4.26071,-2.63949,0.597128
0.415,2.36272,-1.46369,1.37737,4.25632,-2.63678,0.586718
0.416,2.36697,-1.46633,1.37795,4.25195,-2.63407,0.57632
0.417,2.37122,-1.46896,1.37852,4.24758,-2.63136,0.565934
0.418,2.37547,-1.47159,1.37908,4.24323,-2.62867,0.555558
0.419,2.37971,-1.47422,1.37963,4.23888,-2.62598,0.545195
0.42,2.38394,-1.47684,1.38017,4.23455,-2.62329,0.534842
0.421,2.38818,-1.47947,1.3807,4.23022,-2.62061,0.524501
0.422,2.3924,-1.48209,1.38122,4.22591,-2.61794,0.514171
0.423,2.39663,-1.4847,1.38173,4.2216,-2.61527,0.503852
0.424,2.40085,-1.48732,1.38223,4.21731,-2.61261,0.493544
0.425,2.40506,-1.48993,1.38271,4.21302,-2.60995,0.483248
0.426,2.40927,-1.49254,1.38319,4.20874,-2.6073,0.472962
0.427,2.41348,-1.49514,1.38366,4.20448,-2.60466,0.462687
0.428,2.41768,-1.49775,1.38412,4.20022,-2.60202,0.452424
0.429,2.42188,-1.50035,1.38457,4.19597,-2.59939,0.442171
0.43,2.42607,-1.50294,1.385,4.19173,-2.59676,0.431929
0.431,2.43026,-1.50554,1.38543,4.1875,-2.59414,0.421698
0.432,2.43445,-1.50813,1.38585,4.18328,-2.59153,0.411478
0.433,2.43863,-1.51072,1.38625,4.17907,-2.58892,0.401269
0.434,2.44281,-1.51331,1.38665,4.17487,-2.58632,0.39107
0.435,2.44698,-1.5159,1.38703,4.17067,-2.58372,0.380882
0.436,2.45115,-1.51848,1.38741,4.16649,-2.58113,0.370705
0.437,2.45531,-1.52106,1.38778,4.16231,-2.57854,0.360539
0.438,2.45947,-1.52364,1.38813,4.15815,-2.57596,0.350383
0.439,2.46363,-1.52621,1.38848,4.15399,-2.57338,0.340237
0.44,2.46778,-1.52878,1.38881,4.14984,-2.57081,0.330102
0.441,2.47193,-1.53135,1.38914,4.1457,-2.56825,0.319978
0.442,2.47607,-1.53392,1.38945,4.14157,-2.56569,0.309864
0.443,2.48021,-1.53648,1.38976,4.13745,-2.56314,0.29976
0.444,2.48435,-1.53904,1.39005,4.13333,-2.56059,0.289667
0.445,2.48848,-1.5416,1.39034,4.12923,-2.55804,0.279584
0.446,2.49261,-1.54416,1.39061,4.12513,-2.55551,0.269512
0.447,2.49673,-1.54672,1.39087,4.12105,-2.55297,0.25945
0.448,2.50085,-1.54927,1.39113,4.11697,-2.55045,0.249398
0.449,2.50496,-1.55182,1.39137,4.1129,-2.54793,0.239356
0.45,2.50907,-1.55436,1.39161,4.10883,-2.54541,0.229324
0.451,2.51318,-1.55691,1.39183,4.10478,-2.5429,0.219303
0.452,2.51728,-1.55945,1.39205,4.10073,-2.54039,0.209292
0.453,2.52138,-1.56199,1.39225,4.0967,-2.53789,0.199291
0.454,2.52548,-1.56452,1.39245,4.09267,-2.5354,0.189299
0.455,2.52957,-1.56706,1.39263,4.08865,-2.5329,0.179318
0.456,2.53365,-1.56959,1.3928,4.08464,-2.53042,0.169347
0.457,2.53774,-1.57212,1.39297,4.08063,-2.52794,0.159386
0.458,2.54182,-1.57465,1.39312,4.07664,-2.52546,0.149435
0.459,2.54589,-1.57717,1.39327,4.07265,-2.52299,0.139493
0.46,2.54996,-1.57969,1.3934,4.06867,-2.52053,0.129562
0.461,2.55403,-1.58221,1.39353,4.0647,-2.51807,0.11964
0.462,2.55809,-1.58473,1.39364,4.06073,-2.51561,0.109728
0.463,2.56215,-1.58724,1.39375,4.05678,-2.51316,0.0998259
0.464,2.5662,-1.58975,1.39384,4.05283,-2.51071,0.0899336
0.465,2.57025,-1.59226,1.39393,4.04889,-2.50827,0.0800509
0.466,2.5743,-1.59477,1.394,4.04496,-2.50584,0.0701779
0.467,2.57834,-1.59728,1.39407,4.04103,-2.5034,0.0603146
0.468,2.58238,-1.59978,1.39412,4.03711,-2.50098,0.0504608
0.469,2.58642,-1.60228,1.39417,4.0332,-2.49856,0.0406167
0.47,2.59045,-1.60477,1.3942,4.0293,-2.49614,0.0307822
0.471,2.59448,-1.60727,1.39423,4.02541,-2.49373,0.0209571
0.472,2.5985,-1.60976,1.39424,4.02152,-2.49132,0.0111416
0.473,2.60252,-1.61225,1.39425,4.01764,-2.48892,0.00133562
